Title,Text
Article 109.,"Special procedure in respect of Money Bills.. (1) A Money Bill shall not be introduced in the Council of States.(2) After a Money Bill has been passed by the House of the People it shall be transmitted tothe Council of States for its recommendations and the Council of States shall within aperiod of fourteen days from the date of its receipt of the Bill return the Bill to the Houseof the People with its recommendations and the House of the People may thereuponeither accept or reject all or any of the recommendations of the Council of States.(3) If the House of the People accepts any of the recommendations of the Council of States,the Money Bill shall be deemed to have been passed by both Houses with the amendmentsrecommended by the Council of States and accepted by the House of the People.(4) If the House of the People does not accept any of the recommendations of the Councilof States, the Money Bill shall be deemed to have been passed by both Houses in theform in which it was passed by the House of the People without any of the amendmentsrecommended by the Council of States.(5) If a Money Bill passed by the House of the People and transmitted to the Council ofStates for its recommendations is not returned to the House of the People within the saidperiod of fourteen days, it shall be deemed to have been passed by both Houses at theexpiration of the said period in the form in which it was passed by the House of thePeople."
Article 110.,"Definition of “Money Bills’’.. (1) For the purposes of this Chapter, a Bill shall be deemed to be a Money Bill if it containsonly provisions dealing with all or any of the following matters, namely:—(a)the imposition, abolition, remission, alteration or regulation of any tax;(b)the regulation of the borrowing of money or the giving of any guarantee by theGovernment of India, or the amendment of the law with respect to any financialobligations undertaken or to be undertaken by the Government of India;(c)the custody of the Consolidated Fund or the Contingency Fund of India, the paymentof moneys into or the withdrawal of moneys from any such Fund;(d)the appropriation of moneys out of the Consolidated Fund of India;(e)the declaring of any expenditure to be expenditure charged on the ConsolidatedFund of India or the increasing of the amount of any such expenditure;66BUDGET MANUAL(f)the receipt of money on account of the Consolidated Fund of India or the publicaccount of India or the custody or issue of such money or the audit of the accountsof the Union or of a State; or(g)any matter incidental to any of the matters specified in sub-clauses (a) to (f).(2) A Bill shall not be deemed to be a Money Bill by reason only that it provides for theimposition of fines or other pecuniary penalties, or for the demand or payment of feesfor licences or fees for services rendered, or by reason that it provides for the imposition,abolition, remission, alteration or regulation of any tax by any local authority or bodyfor local purposes.(3) If any question arises whether a Bill is a Money Bill or not, the decision of the Speakerof the House of the People thereon shall be final.(4) There shall be endorsed on every Money Bill when it is transmitted to the Council ofStates under article 109, and when it is presented to the President for assent underarticle 111, the certificate of the Speaker of the House of the People signed by him thatit is a Money Bill."
Article 112.,"Annual financial statement.. (1) The President shall in respect of every financial year cause to be laid before both theHouses of Parliament a statement of the estimated receipts and expenditure of theGovernment of India for that year, in this Part referred to as the “annual financialstatement’’.(2) The estimates of expenditure embodied in the annual financial statement shall showseparately—(a)the sums required to meet expenditure described by this Constitution as expenditurecharged upon the Consolidated Fund of India; and(b)the sums required to meet other expenditure proposed to be made from theConsolidated Fund of India, and shall distinguish expenditure on revenue accountfrom other expenditure.(3) The following expenditure shall be expenditure charged on the Consolidated Fund ofIndia—(a)the emoluments and allowances of the President and other expenditure relating tohis office;(b)the salaries and allowances of the Chairman and the Deputy Chairman of theCouncil of States and the Speaker and the Deputy Speaker of the House of thePeople;(c)debt charges for which the Government of India is liable including interest, sinkingfund charges and redemption charges, and other expenditure relating to the raisingof loans and the service and redemption of debt;67BUDGET MANUAL(d)(i)the salaries, allowances and pensions payable to or in respect of Judges ofthe Supreme Court;(ii)the pensions payable to or in respect of Judges of the Federal Court;(iii)the pensions payable to or in respect of Judges of any High Court whichexercises jurisdiction in relation to any area included in the territory of India orwhich at any time before the commencement of this Constitution exercisedjurisdiction in relation to any area included in a Governor’s Province of theDominion of India;(e)the salary, allowances and pension payable to or in respect of the Comptrollerand Auditor-General of India;(f)any sums required to satisfy any judgment, decree or award of any court or arbitraltribunal;(g)any other expenditure declared by this Constitution or by Parliament by law to beso charged."
Article 113.,"Procedure in Parliament with respect to estimates.. (1) So much of the estimates as relates to expenditure charged upon the ConsolidatedFund of India shall not be submitted to the vote of Parliament, but nothing in this clauseshall be construed as preventing the discussion in either House of Parliament of any ofthose estimates.(2) So much of the said estimates as relates to other expenditure shall be submitted in theform of demands for grants to the House of the People, and the House of the Peopleshall have power to assent, or to refuse to assent, to any demand, or to assent to anydemand subject to a reduction of the amount specified therein.(3) No demand for a grant shall be made except on the recommendation of the President."
Article 114.,"Appropriation Bills.. (1) As soon as may be after the grants under article 113 have been made by the House ofthe People, there shall be introduced a Bill to provide for the appropriation out of theConsolidated Fund of India of all moneys required to meet—(a)the grants so made by the House of the People; and(b)the expenditure charged on the Consolidated Fund of India but not exceeding inany case the amount shown in the statement previously laid before Parliament.(2) No amendment shall be proposed to any such Bill in either House of Parliament whichwill have the effect of varying the amount or altering the destination of any grant somade or of varying the amount of any expenditure charged on the Consolidated Fundof India, and the decision of the person presiding as to whether an amendment isinadmissible under this clause shall be final.68BUDGET MANUAL(3) Subject to the provisions of articles 115 and 116, no money shall be withdrawn fromthe Consolidated Fund of India except under appropriation made by law passed inaccordance with the provisions of this article."
Article 115.,"Supplementary, additional or excess grants.. (1) The President shall— (a)if the amount authorised by any law made in accordance with120 the provisions of article 114 to be expended for a particular service for the currentfinancial year is found to be insufficient for the purposes of that year or when aneed has arisen during the current financial year for supplementary or additionalexpenditure upon some new service not contemplated in the annual financialstatement for that year, or (b)if any money has been spent on any service during a financial year in excess of theamount granted for that service and for that year, cause to be laid before both theHouses of Parliament another statement showing the estimated amount of thatexpenditure or cause to be presented to the House of the People a demand forsuch excess, as the case may be.(2) The provisions of articles 112, 113 and 114 shall have effect in relation to any suchstatement and expenditure or demand and also to any law to be made authorising theappropriation of moneys out of the Consolidated Fund of India to meet such expenditureor the grant in respect of such demand as they have effect in relation to the annualfinancial statement and the expenditure mentioned therein or to a demand for a grantand the law to be made for the authorisation of appropriation of moneys out of theConsolidated Fund of India to meet such expenditure or grant."
Article 116.,"Votes on account, votes of credit and exceptional grants.. (1) Notwithstanding anything in the foregoing provisions of this Chapter, the House of thePeople shall have power—(a)to make any grant in advance in respect of the estimated expenditure for a part ofany financial year pending the completion of the procedure prescribed in article113 for the voting of such grant and the passing of the law in accordance with theprovisions of article 114 in relation to that expenditure;(b)to make a grant for meeting an unexpected demand upon the resources of Indiawhen on account of the magnitude or the indefinite character of the service thedemand cannot be stated with the details ordinarily given in an annual financialstatement;(c)to make an exceptional grant which forms no part of the current service of anyfinancial year; and Parliament shall have power to authorise by law the withdrawalof moneys from the Consolidated Fund of India for the purposes for which thesaid grants are made.69BUDGET MANUAL(2) The provisions of articles 113 and 114 shall have effect in relation to the making of anygrant under clause (1) and to any law to be made under that clause as they have effectin relation to the making of a grant with regard to any expenditure mentioned in theannual financial statement and the law to be made for the authorisation of appropriationof moneys out of the Consolidated Fund of India to meet such expenditure."
Article 117.,"Special provisions as to financial Bills.. (1) A Bill or amendment making provision for any of the matters specified in sub-clauses(a) to (f) of clause (1) of article 110 shall not be introduced or moved except on therecommendation of the President and a Bill making such provision shall not be introducedin the Council of States:Provided that no recommendation shall be required under this clause for the moving ofan amendment making provision for the reduction or abolition of any tax.(2) A Bill or amendment shall not be deemed to make provision for any of the mattersaforesaid by reason only that it provides for the imposition of fines or other pecuniarypenalties, or for the demand or payment of fees for licences or fees for services rendered,or by reason that it provides for the imposition, abolition, remission, alteration orregulation of any tax by any local authority or body for local purposes.(3) A Bill which, if enacted and brought into operation, would involve expenditure from theConsolidated Fund of India shall not be passed by either House of Parliament unlessthe President has recommended to that House the consideration of the Bill."
Article 13.,"Applicability of article 239A of Constitution.. On and from the appointed day, the provisionscontained in article 239A, which are applicable to “Union territory of Puducherry”, shall alsoapply to the “Union territory of Jammu and Kashmir”."
Article 149.,"Duties and powers of the Comptroller and Auditor-General.. The Comptroller and Auditor-General shall perform such duties and exercise such powers in relation to the accounts of theUnion and of the States and of any other authority or body as may be prescribed by or under anylaw made by Parliament and, until provision in that behalf is so made, shall perform such dutiesand exercise such powers in relation to the accounts of the Union and of the States as wereconferred on or exercisable by the Auditor-General of India immediately before the commencementof this Constitution in relation to the accounts of the Dominion of India and of the Provincesrespectively.89BUDGET MANUAL"
Article 150.,"Form of accounts of the Union and of the States.. The accounts of the Union and of theStates shall be kept in such form as the President may, on the advice of the Comptroller andAuditor-General of India, prescribe."
Article 151.,"Audit reports.. (1) The reports of the Comptroller and Auditor-General of India relating to the accounts ofthe Union shall be submitted to the President, who shall cause them to be laid beforeeach House of Parliament.(2) The reports of the Comptroller and Auditor-General of India relating to the accounts ofa State shall be submitted to the Governor of the State, who shall cause them to be laidbefore the Legislature of the State."
Article 207.,"Special provisions as to financial Bills.. (1) A Bill or amendment making provision for any of the matters specified in sub-clauses(a) to (f) of clause (1) of article 199 shall not be introduced or moved except on therecommendation of the Governor, and a Bill making such provision shall not beintroduced in a Legislative Council: Provided that no recommendation shall be requiredunder this clause for the moving of an amendment making provision for the reductionor abolition of any tax.(2) A Bill or amendment shall not be deemed to make provision for any of the mattersaforesaid by reason only that it provides for the imposition of fines or other pecuniarypenalties, or for the demand or payment of fees for licences or fees for services rendered,or by reason that it provides for the imposition, abolition, remission, alteration orregulation of any tax by any local authority or body for local purposes.(3) A Bill which, if enacted and brought into operation, would involve expenditure from theConsolidated Fund of a State shall not be passed by a House of the Legislature of theState unless the Governor has recommended to that House the consideration of the Bill."
Article 22.,"Special provisions as to financial Bills.. (1) A Bill or amendment shall not be introduced into, or moved in, the Legislative Assemblyexcept on the recommendation of the Lieutenant Governor, if such Bill or amendmentmakes provision for any of the following matters, namely:—(a)the imposition, abolition, remission, alteration or regulation of any tax;(b)the amendment of the law with respect to any financial obligations undertaken orto be undertaken by the Government of the Capital;(c)the appropriation of moneys out of the Consolidated Fund of the Capital;(d)the declaring of any expenditure to be expenditure charged on the ConsolidatedFund of the Capital or the increasing of the amount of any such expenditure;(e)the receipt of money on account of the Consolidated Fund of the Capital or thePublic Account of the Capital or the custody or issue of such money or the audit ofthe accounts of the Capital:] Provided that no recommendation shall be requiredunder this sub-section for the moving of an amendment making provision for thereduction or abolition of any tax.(2) A Bill or amendment shall not be deemed to make provision for any of the mattersaforesaid by reason only that it provides for the imposition of fines or other pecuniarypenalties, or for the demand or payment of fees for licences or fees for services rendered,or by reason that it provides for the imposition, abolition, remission, alteration orregulation of any tax by any local authority or body for local purposes.(3) A Bill which, if enacted and brought into operation, would involve expenditure from theConsolidated Fund of the Capital shall not be passed by the Legislative Assembly unlessthe Lieutenant Governor has recommended to that Assembly the consideration of theBill."
Article 239.,"Administration of Union territories.. (1) Save as otherwise provided by Parliament by law, every Union territory shall beadministered by the President acting, to such extent as he thinks fit, through anadministrator to be appointed by him with such designation as he may specify.70BUDGET MANUAL(2) Notwithstanding anything contained in Part VI, the President may appoint the Governorof a State as the administrator of an adjoining Union territory, and where a Governor isso appointed, he shall exercise his functions as such administrator independently of hisCouncil of Ministers."
Article 239A.,"Creation of local Legislatures or Council of Ministers or both for certain Union territories.. (1) `Parliament may by law create for the Union territory of Puducherry—(a)a body, whether elected or partly nominated and partly elected, to function as aLegislature for the Union territory, or(b)a Council of Ministers,or both with such constitution, powers and functions, in each case, as may be specifiedin the law.(2) Any such law as is referred to in clause (1) shall not be deemed to be an amendment ofthis Constitution for the purposes of article 368 notwithstanding that it contains anyprovision which amends or has the effect of amending this Constitution.]"
Article 239AB.,"Provision in case of failure of constitutional machinery.. If the President, on receipt of a report from the Lieutenant Governor or otherwise, is satisfied—(a) that a situation has arisen in which the administration of the National Capital Territorycannot be carried on in accordance with the provisions of article 239AA or of any lawmade in pursuance of that article; or (b) that for the proper administration of the National Capital Territory it is necessary orexpedient so to do,the President may by order suspend the operation of any provision of article 239AA or of allor any of the provisions of any law made in pursuance of that article for such period andsubject to such conditions as may be specified in such law and make such incidental andconsequential provisions as may appear to him to be necessary or expedient for administeringthe National Capital Territory in accordance with the provisions of article 239 and article"
Article 239,"B. Power of administrator to promulgate Ordinances during recess of Legislature.. (1) If at any time, except when the Legislature of the Union territory of Puducherry is insession, the administrator thereof is satisfied that circumstances exist which render itnecessary for him to take immediate action, he may promulgate such Ordinances asthe circumstances appear to him to require: Provided that no such Ordinance shall bepromulgated by the administrator except after obtaining instructions from the Presidentin that behalf: Provided further that whenever the said Legislature is dissolved, or itsfunctioning remains suspended on account of any action taken under any such law asis referred to in clause (1) of article 239A, the administrator shall not promulgate anyOrdinance during the period of such dissolution or suspension.(2) An Ordinance promulgated under this article in pursuance of instructions from thePresident shall be deemed to be an Act of the Legislature of the Union territory whichhas been duly enacted after complying with the provisions in that behalf contained inany such law as is referred to in clause (1) of article 239A, but every such Ordinance—(a)shall be laid before the Legislature of the Union territory and shall cease to operateat the expiration of six weeks from the reassembly of the Legislature or if, beforethe expiration of that period, a resolution disapproving it is passed by the Legislature,upon the passing of the resolution; and(b)may be withdrawn at any time by the administrator after obtaining instructionsfrom the President in that behalf.73BUDGET MANUAL(3) If and so far as an Ordinance under this article makes any provision which would notbe valid if enacted in an Act of the Legislature of the Union territory made after complyingwith the provisions in that behalf contained in any such law as is referred to in clause (1)of article 239A, it shall be void."
Article 265.,Taxes not to be imposed save by authority of law.. No tax shall be levied or collected except by authority of law.
Article 266.,"Consolidated Funds and public accounts of India and of the States.. (1) Subject to the provisions of article 267 and to the provisions of this Chapter with respectto the assignment of the whole or part of the net proceeds of certain taxes and duties toStates, all revenues received by the Government of India, all loans raised by thatGovernment by the issue of treasury bills, loans or ways and means advances and allmoneys received by that Government in repayment of loans shall form one consolidatedfund to be entitled “the Consolidated Fund of India”, and all revenues received by theGovernment of a State, all loans raised by that Government by the issue of treasurybills, loans or ways and means advances and all moneys received by that Governmentin repayment of loans shall form one consolidated fund to be entitled “the ConsolidatedFund of the State”.(2) All other public moneys received by or on behalf of the Government of India or theGovernment of a State shall be credited to the public account of India or the publicaccount of the State, as the case may be.(3) No moneys out of the Consolidated Fund of India or the Consolidated Fund of a Stateshall be appropriated except in accordance with law and for the purposes and in themanner provided in this Constitution."
Article 267.,"Contingency Fund.. (1) Parliament may by law establish a Contingency Fund in the nature of an imprest to beentitled “the Contingency Fund of India” into which shall be paid from time to timesuch sums as may be determined by such law, and the said Fund shall be placed at thedisposal of the President to enable advances to be made by him out of such Fund forthe purposes of meeting unforeseen expenditure pending authorisation of suchexpenditure by Parliament by law under article 115 or article 116.(2) The Legislature of a State may by law establish a Contingency Fund in the nature of animprest to be entitled “the Contingency Fund of the State” into which shall be paid fromtime to time such sums as may be determined by such law, and the said Fund shall beplaced at the disposal of the Governor of the State to enable advances to be made byhim out of such Fund for the purposes of meeting unforeseen expenditure pendingauthorisation of such expenditure by the Legislature of the State by law under article205 or article 206.74BUDGET MANUALDistribution of Revenues between the Union and the States"
Article 268.,"Duties levied by the Union but collected and appropriated by the States.. (1) Such stamp duties and such duties of excise on medicinal and toilet preparations as arementioned in the Union List shall be levied by the Government of India but shall becollected—(a)in the case where such duties are leviable within any Union territory, by theGovernment of India, and(b)in other cases, by the States within which such duties are respectively leviable.(2) The proceeds in any financial year of any such duty leviable within any State shall notform part of the Consolidated Fund of India, but shall be assigned to that State."
Article 269.,"Taxes levied and collected by the Union but assigned to the States.. (1) Taxes on the sale or purchase of goods and taxes on the consignment of goods shall belevied and collected by the Government of India but shall be assigned and shall bedeemed to have been assigned to the States on or after the 1st day of April, 1996 in themanner provided in clause (2). Explanation.—For the purposes of this clause,-(a)the expression “taxes on the sale or purchase of goods” shall mean taxes on saleor purchase of goods other than newspapers, where such sale or purchase takesplace in the course of inter-State trade or commerce;(b)the expression “taxes on the consignment of goods” shall mean taxes on theconsignment of goods (whether the consignment is to the person making it or toany other person), where such consignment takes place in the course of inter-Statetrade or commerce.(2) The net proceeds in any financial year of any such tax, except in so far as those proceedsrepresent proceeds attributable to Union territories, shall not form part of theConsolidated Fund of India, but shall be assigned to the States within which that tax isleviable in that year, and shall be distributed among those States in accordance withsuch principles of distribution as may be formulated by Parliament by law.(3) Parliament may by law formulate principles for determining when a sale or purchaseof, or consignment of, goods takes place in the course of inter-State trade or commerce."
Article 27.,"Annual financial statement.. (1) The Lieutenant Governor shall in respect of every financial year cause to be laid beforethe Legislative Assembly, with the previous sanction of the President, a statement of theestimated receipts and expenditure of the Capital for that year, in this Part referred to asthe “annual financial statement”.(2) The estimates of expenditure embodied in the annual financial statement shall showseparately— (a) the sums required to meet expenditure described by this Act asexpenditure charged upon the Consolidated Fund of the Capital; and (b) the sumsrequired to meet other expenditure proposed to be made from the Consolidated Fundof the Capital, and shall distinguish expenditure on revenue account from otherexpenditure.86BUDGET MANUAL(3) Notwithstanding anything contained in any law for the time being in force, the followingexpenditure shall be expenditure charged on the Consolidated Fund of the Capital:—(a) the emoluments and allowances of the Lieutenant Governor and other expenditurerelating to his office as determined by the President by general or special order; (b) thecharges payable in respect of loans advanced to the Capital from the ConsolidatedFund of India including interest, sinking fund charges and redemption charges, andother expenditure connected therewith; (c) the salaries and allowances of the Speakerand the Deputy Speaker of the Legislative Assembly; (d) expenditure in respect of thesalaries and allowances of Judges of the High Court of Delhi. (e) any sums required tosatisfy any judgment, decree or award of any court or arbitral tribunal; (f) any otherexpenditure declared by the Constitution or by law made by Parliament or by theLegislative Assembly to be so charged."
Article 270.,"Taxes levied and distributed between the Union and the States.. (1) All taxes and duties referred to in the Union List, except the duties and taxes referred toin articles 268 and 269, respectively, surcharge on taxes and duties referred to in article271 and any cess levied for specific purposes under any law made by Parliament shallbe levied and collected by the Government of India and shall be distributed betweenthe Union and the States in the manner provided in clause (2).75BUDGET MANUAL(2) Such percentage, as may be prescribed, of the net proceeds of any such tax or duty inany financial year shall not form part of the Consolidated Fund of India, but shall beassigned to the States within which that tax or duty is leviable in that year, and shall bedistributed among those States in such manner and from such time as may be prescribedin the manner provided in clause (3).(3) In this article, “prescribed” means, —(i)until a Finance Commission has been constituted, prescribed by the President byorder, and(ii)after a Finance Commission has been constituted, prescribed by the President byorder after considering the recommendations of the Finance Commission."
Article 271.,"Surcharge on certain duties and taxes for purposes of the Union.. Notwithstanding anythingin articles 269 and 270, Parliament may at any time increase any of the duties or taxes referred toin those articles by a surcharge for purposes of the Union and the whole proceeds of any suchsurcharge shall form part of the Consolidated Fund of India."
Article 272.,"Taxes which are levied and collected by the Union and may be distributed between theUnion and the States.. Rep. by the Constitution (Eightieth Amendment) Act, 2000."
Article 273.,"Grants in lieu of export duty on jute and jute products.. (1) There shall be charged on the Consolidated Fund of India in each year as grants-in-aidof the revenues of the States of Assam, Bihar, Orissa and West Bengal, in lieu ofassignment of any share of the net proceeds in each year of export duty on jute and juteproducts to those States, such sums as may be prescribed.(2) The sums so prescribed shall continue to be charged on the Consolidated Fund of Indiaso long as any export duty on jute or jute products continues to be levied by theGovernment of India or until the expiration of ten years from the commencement of thisConstitution whichever is earlier.(3) In this article, the expression “prescribed” has the same meaning as in article 270."
Article 275.,"Grants from the Union to certain States.. (1) Such sums as Parliament may by law provideshall be charged on the Consolidated Fund of India in each year as grants-in-aid of the revenuesof such States as Parliament may determine to be in need of assistance, and different sums may befixed for different States:Provided that there shall be paid out of the Consolidated Fund of India as grants-in-aid ofthe revenues of a State such capital and recurring sums as may be necessary to enable that Stateto meet the costs of such schemes of development as may be undertaken by the State with theapproval of the Government of India for the purpose of promoting the welfare of the ScheduledTribes in that State or raising the level of administration of the Scheduled Areas therein to that o f theadministration of the rest of the areas of that State:76BUDGET MANUALProvided further that there shall be paid out of the Consolidated Fund of India as grants-in-aid of the revenues of the State of Assam sums, capital and recurring, equivalent to—(a) the average excess of expenditure over the revenues during the two years immediatelypreceding the commencement of this Constitution in respect of the administration ofthe tribal areas specified in Part I of the table appended to paragraph 20 of the SixthSchedule; and(b) the costs of such schemes of development as may be undertaken by that State with theapproval of the Government of India for the purpose of raising the level of administrationof the said areas to that of the administration of the rest of the areas of that State.(1A) On and from the formation of the autonomous State under article 244A,—(i) any sums payable under clause (a) of the second proviso to clause (1) shall, if theautonomous State comprises all the tribal areas referred to therein, be paid to theautonomous State, and, if the autonomous State comprises only some of those tribalareas, be apportioned between the State of Assam and the autonomous State as thePresident may, by order, specify;(ii) there shall be paid out of the Consolidated Fund of India as grants-in-aid of the revenuesof the autonomous State sums, capital and recurring, equivalent to the costs of suchschemes of development as may be undertaken by the autonomous State with theapproval of the Government of India for the purpose of raising the level of administrationof that State to that of the administration of the rest of the State of Assam.(2) Until provision is made by Parliament under clause (1), the powers conferred onParliament under that clause shall be exercisable by the President by order and anyorder made by the President under this clause shall have effect subject to any provisionso made by Parliament:Provided that after a Finance Commission has been constituted no order shall be madeunder this clause by the President except after considering the recommendations of the FinanceCommission."
Article 279.,"Calculation of “net proceeds”, etc.. (1) In the foregoing provisions of this Chapter, “net proceeds” means in relation to any taxor duty the proceeds thereof reduced by the cost of collection, and for the purposes ofthose provisions the net proceeds of any tax or duty, or of any part of any tax or duty, inor attributable to any area shall be ascertained and certified by the Comptroller andAuditor-General of India, whose certificate shall be final.(2) Subject as aforesaid, and to any other express provision of this Chapter, a law made byParliament or an order of the President may, in any case where under this Part theproceeds of any duty or tax are, or may be, assigned to any State, provide for themanner in which the proceeds are to be calculated, for the time from or at which andthe manner in which any payments are to be made, for the making of adjustmentsbetween one financial year and another, and for any other incidental or ancillary matters.77BUDGET MANUAL"
Article 28.,"Procedure in Legislative Assembly with respect to estimates.. (1) So much of the estimates as relates to expenditure charged upon the ConsolidatedFund of the Capital shall not be submitted to the vote of the Legislative Assembly, butnothing in this sub-section shall be construed as preventing the discussion in theLegislative Assembly of any of those estimates.(2) So, much of the said estimates as relates to other expenditure shall be submitted in theform of demands for grants to the Legislative Assembly, and the Legislative Assemblyshall have power to assent, or to refuse to assent, to any demand, or to assent to anydemand subject to a reduction of the amount specified therein.(3) No demand for a grant shall be made except on the recommendation of the LieutenantGovernor."
Article 280.,"Finance Commission.. (1) The President shall, within two years from the commencement of this Constitution andthereafter at the expiration of every fifth year or at such earlier time as the Presidentconsiders necessary, by order constitute a Finance Commission which shall consist of aChairman and four other members to be appointed by the President.(2) Parliament may by law determine the qualifications which shall be requisite forappointment as members of the Commission and the manner in which they shall beselected.(3) It shall be the duty of the Commission to make recommendations to the President asto—(a)the distribution between the Union and the States of the net proceeds of taxeswhich are to be, or may be, divided between them under this Chapter and theallocation between the States of the respective shares of such proceeds;(b)the principles which should govern the grants-in-aid of the revenues of the Statesout of the Consolidated Fund of India;(bb)the measures needed to augment the Consolidated Fund of a State tosupplement the resources of the Panchayats in the State on the basis of therecommendations made by the Finance Commission of the State;(c)the measures needed to augment the Consolidated Fund of a State to supplementthe resources of the Municipalities in the State on the basis of the recommendationsmade by the Finance Commission of the State;(d)any other matter referred to the Commission by the President in the interests ofsound finance.(4) The Commission shall determine their procedure and shall have such powers in theperformance of their functions as Parliament may by law confer on them."
Article 281.,Recommendations of the Finance Commission.. The President shall cause everyrecommendation made by the Finance Commission under the provisions of this Constitution togetherwith an explanatory memorandum as to the action taken thereon to be laid before each House ofParliament.
Article 282.,"Expenditure defrayable by the Union or a State out of its revenues.. The Union or a Statemay make any grants for any public purpose, notwithstanding that the purpose is not one withrespect to which Parliament or the Legislature of the State, as the case may be, may make laws."
Article 283.,"Custody, etc., of Consolidated Funds, Contingency Funds and moneys credited to the publicaccounts.. (1)The custody of the Consolidated Fund of India and the Contingency Fund of India, thepayment of moneys into such Funds, the withdrawal of moneys there from, the custody78BUDGET MANUALof public moneys other than those credited to such Funds received by or on behalf of theGovernment of India, their payment into the public account of India and the withdrawalof moneys from such account and all other matters connected with or ancillary to mattersaforesaid shall be regulated by law made by Parliament, and, until provision in thatbehalf is so made, shall be regulated by rules made by the President.(2) The custody of the Consolidated Fund of a State and the Contingency Fund of a State,the payment of moneys into such Funds, the withdrawal of moneys there from, thecustody of public moneys other than those credited to such Funds received by or onbehalf of the Government of the State, their payment into the public account of theState and the withdrawal of moneys from such account and all other matters connectedwith or ancillary to matters aforesaid shall be regulated by law made by the Legislatureof the State, and, until provision in that behalf is so made, shall be regulated by rulesmade by the Governor of the State."
Article 284.,"Custody of suitors’ deposits and other moneys received by public servants and courts.. Allmoneys received by or deposited with— (a) any officer employed in connection with the affairs of the Union or of a State in hiscapacity as such, other than revenues or public moneys raised or received by theGovernment of India or the Government of the State, as the case may be, or (b) any court within the territory of India to the credit of any cause, matter, account orpersons, shall be paid into the public account of India or the public account of State, asthe case may be."
Article 29.,"Appropriation Bills.. (1) As soon as may be after the grants under section 28 have been made by the LegislativeAssembly, there shall be introduced a Bill to provide for the appropriation out of theConsolidated Fund of the Capital of all moneys required to meet— (a) the grants somade by the Assembly, and (b) the expenditure charged on the Consolidated Fund ofthe Capital but not exceeding in any case the amount shown in the statement previouslylaid before the assembly.(2) No amendment shall be proposed to any such Bill in the Legislative Assembly which willhave the effect of varying the amount or altering the destination of any grant so madeor of varying the amount of any expenditure charged on the Consolidated Fund of theCapital and the decision of the person presiding as to whether an amendment isinadmissible under this sub-section shall be final.(3) Subject to the other provisions of this Act, no money shall be withdrawn from theConsolidated Fund of the Capital except under appropriation made by law passed inaccordance with the provisions of this section.87BUDGET MANUAL"
Article 292.,"Borrowing by the Government of India.. The executive power of the Union extends toborrowing upon the security of the Consolidated Fund of India within such limits, if any, as mayfrom time to time be fixed by Parliament by law and to the giving of guarantees within such limits,if any, as may be so fixed."
Article 293.,"Borrowing by States.. (1) Subject to the provisions of this article, the executive power of a State extends to borrowingwithin the territory of India upon the security of the Consolidated Fund of the Statewithin such limits, if any, as may from time to time be fixed by the Legislature of suchState by law and to the giving of guarantees within such limits, if any, as may be sofixed.(2) The Government of India may, subject to such conditions as may be laid down by orunder any law made by Parliament, make loans to any State or, so long as any limitsfixed under article 292 are not exceeded, give guarantees in respect of loans raised byany State, and any sums required for the purpose of making such loans shall be chargedon the Consolidated Fund of India.(3) A State may not without the consent of the Government of India raise any loan if thereis still outstanding any part of a loan which has been made to the State by the Government79BUDGET MANUALof India or by its predecessor Government, or in respect of which a guarantee has beengiven by the Government of India or by its predecessor Government.(4) A consent under clause (3) may be granted subject to such conditions, if any, as theGovernment of India may think fit to impose."
Article 30.,"Supplementary, additional or excess grants.. (1) The Lieutenant Governor shall,— (a) if the amount authorised by any law made inaccordance with the provisions of section 29 to be expended for a particular service forthe current financial year is found to be insufficient for the purposes of that year orwhen a need has arisen during the current financial year for supplementary or additionalexpenditure upon some new service not contemplated in the annual financial statementfor that year, or (b) if any money has been spent on any service during a financial yearin excess of the amount granted for that service and for that year, cause to be laidbefore the Legislative Assembly, with the previous sanction of the President, anotherstatement showing the estimated amount of that expenditure or cause to be presentedto the Legislative Assembly with such previous sanction a demand for such excess, asthe case may be.(2) The provisions of sections 27, 28 and 29 shall have effect in relation to any suchstatement and expenditure or demand and also to any law to be made authorising theappropriation of moneys out of the Consolidated Fund of the Capital to meet suchexpenditure or the grant in respect of such demand as they have effect in relation to theannual financial statement and the expenditure mentioned therein or to a demand fora grant and the law to be made for the authorisation of appropriation of moneys out ofthe Consolidated Fund of the Capital to meet such expenditure or grant."
Article 31.,"Votes on account.. (1) Notwithstanding anything in the foregoing provisions of this Part, the Legislative Assemblyshall have power to make any grant in advance in respect of the estimated expenditurefor a part of any financial year pending the completion of the procedure prescribed insection 28 for the voting of such grant and the passing of the law in accordance withthe provisions of section 29 in relation to that expenditure and the Legislative Assemblyshall have power to authorise by law the withdrawal of moneys from the ConsolidatedFund of the Capital for the purposes for which the said grant is made.(2) The provisions of sections 28 and 29 shall have effect in relation to the making of anygrant under sub-section (1) or to any law to be made under that sub-section as theyhave effect in relation to the making of a grant with regard to any expenditure mentionedin the annual financial statement and the law to be made for the authorisation ofappropriation of moneys, out of the Consolidated Fund of the Capital to meet suchexpenditure."
Article 32.,"Authorisation of expenditure pending its sanction by Legislative Assembly.. Not withstanding anything in the foregoing provisions of this Part, the Lieutenant Governor may authorise suchexpenditure from the Consolidated Fund of the Capital as he deems necessary for a period of notmore than six months beginning with the date of the constitution of the Consolidated Fund of theCapital, pending the sanction of such expenditure by the Legislative Assembly.88BUDGET MANUALANNEXURE - 2CONSTITUTIONAL PROVISIONS RELATING TO THECOMPTROLLER & AUDITOR GENERAL OF INDIA148 Comptroller and Auditor-General of India.—(1) There shall be a Comptroller and Auditor-General of India who shall be appointed bythe President by warrant under his hand and seal and shall only be removed from officein like manner and on the like grounds as a Judge of the Supreme Court.(2) Every person appointed to be the Comptroller and Auditor-General of India shall, beforehe enters upon his office, make and subscribe before the President, or some personappointed in that behalf by him, an oath or affirmation according to the form set out forthe purpose in the Third Schedule.(3) The salary and other conditions of service of the Comptroller and Auditor- Generalshall be such as may be determined by Parliament by law and, until they are sodetermined, shall be as specified in the Second Schedule:Provided that neither the salary of a Comptroller and Auditor-General nor his rights inrespect of leave of absence, pension or age of retirement shall be varied to hisdisadvantage after his appointment.(4) The Comptroller and Auditor-General shall not be eligible for further office either underthe Government of India or under the Government of any State after he has ceased tohold his office.(5) Subject to the provisions of this Constitution and of any law made by Parliament, theconditions of service of persons serving in the Indian Audit and Accounts Departmentand the administrative powers of the Comptroller and Auditor-General shall be such asmay be prescribed by rules made by the President after consultation with the Comptrollerand Auditor-General.(6) The administrative expenses of the office of the Comptroller and Auditor- General,including all salaries, allowances and pensions payable to or in respect of personsserving in that office, shall be charged upon the Consolidated Fund of India."
Article 356.,"Provisions in case of failure of constitutional machinery in States.. (1) If the President, on receipt of a report from the Governor of a State or otherwise, issatisfied that a situation has arisen in which the Government of the State cannot becarried on in accordance with the provisions of this Constitution, the President may byProclamation—(a)assume to himself all or any of the functions of the Government of the State andall or any of the powers vested in or exercisable by the Governor or any body orauthority in the State other than the Legislature of the State;(b)declare that the powers of the Legislature of the State shall be exercisable by orunder the authority of Parliament;(c)make such incidental and consequential provisions as appear to the President tobe necessary or desirable for giving effect to the objects of the Proclamation,including provisions for suspending in whole or in part the operation of anyprovisions of this Constitution relating to any body or authority in the State:Provided that nothing in this clause shall authorise the President to assume to himselfany of the powers vested in or exercisable by a High Court, or to suspend in whole or inpart the operation of any provision of this Constitution relating to High Courts.(2) Any such Proclamation may be revoked or varied by a subsequent Proclamation.(3) Every Proclamation under this article shall be laid before each House of Parliamentand shall, except where it is a Proclamation revoking a previous Proclamation, cease tooperate at the expiration of two months unless before the expiration of that period it hasbeen approved by resolutions of both Houses of Parliament:Provided that if any such Proclamation (not being a Proclamation revoking a previousProclamation) is issued at a time when the House of the People is dissolved or thedissolution of the House of the People takes place during the period of two monthsreferred to in this clause, and if a resolution approving the Proclamation has beenpassed by the Council of States, but no resolution with respect to such Proclamationhas been passed by the House of the People before the expiration of that period, theProclamation shall cease to operate at the expiration of thirty days from the date onwhich the House of the People first sits after its reconstitution unless before the expirationof the said period of thirty days a resolution approving the Proclamation has been alsopassed by the House of the People.80BUDGET MANUAL(4) A Proclamation so approved shall, unless revoked, cease to operate on the expirationof a period of six months from the date of issue of the Proclamation:Provided that if and so often as a resolution approving the continuance in force of sucha Proclamation is passed by both Houses of Parliament, the Proclamation shall, unlessrevoked, continue in force for a further period of six months from the date on whichunder this clause it would otherwise have ceased to operate, but no such Proclamationshall in any case remain in force for more than three years:Provided further that if the dissolution of the House of the People takes place during anysuch period of six months and a resolution approving the continuance in force of suchProclamation has been passed by the Council of States, but no resolution with respectto the continuance in force of such Proclamation has been passed by the House of thePeople during the said period, the Proclamation shall cease to operate at the expirationof thirty days from the date on which the House of the People first sits after its reconstitutionunless before the expiration of the said period of thirty days a resolution approving thecontinuance in force of the Proclamation has been also passed by the House of thePeople:Provided also that in the case of the Proclamation issued under clause (1) on the 11thday of May, 1987 with respect to the State of Punjab, the reference in the first provisoto this clause to “three years” shall be construed as a reference to five years.(5) Notwithstanding anything contained in clause (4), a resolution with respect to thecontinuance in force of a Proclamation approved under clause (3) for any period beyondthe expiration of one year from the date of issue of such Proclamation shall not bepassed by either House of Parliament unless—(a)a Proclamation of Emergency is in operation, in the whole of India or, as the casemay be, in the whole or any part of the State, at the time of the passing of suchresolution, and(b)the Election Commission certifies that the continuance in force of the Proclamationapproved under clause (3) during the period specified in such resolution is necessaryon account of difficulties in holding general elections to the Legislative Assemblyof the State concerned:Provided that nothing in this clause shall apply to the Proclamation issued under clause(1) on the 11th day of May, 1987 with respect to the State of Punjab."
Article 357.,"Exercise of legislative powers under Proclamation issued under article 356.. (1) Where by a Proclamation issued under clause (1) of article 356, it has been declaredthat the powers of the Legislature of the State shall be exercisable by or under theauthority of Parliament, it shall be competent—(a)for Parliament to confer on the President the power of the Legislature of the Stateto make laws, and to authorise the President to delegate, subject to such conditions81BUDGET MANUALas he may think fit to impose, the power so conferred to any other authority to bespecified by him in that behalf;(b)for Parliament, or for the President or other authority in whom such power to makelaws is vested under sub-clause (a), to make laws conferring powers and imposingduties, or authorising the conferring of powers and the imposition of duties, uponthe Union or officers and authorities thereof;(c)for the President to authorise when the House of the People is not in sessionexpenditure from the Consolidated Fund of the State pending the sanction of suchexpenditure by Parliament.(2) Any law made in exercise of the power of the Legislature of the State by Parliament orthe President or other authority referred to in sub-clause (a) of clause (1) which Parliamentor the President or such other authority would not, but for the issue of a Proclamationunder article 356, have been competent to make shall, after the Proclamation hasceased to operate, continue in force until altered or repealed or amended by a competentLegislature or other authority."
Article 360.,"Provisions as to financial emergency.. (1) If the President is satisfied that a situation has arisen whereby the financial stability orcredit of India or of any part of the territory thereof is threatened, he may by aProclamation make a declaration to that effect.(2) A Proclamation issued under clause (1)—(a)may be revoked or varied by a subsequent Proclamation;(b)shall be laid before each House of Parliament;(c)shall cease to operate at the expiration of two months, unless before the expirationof that period it has been approved by resolutions of both Houses of Parliament:Provided that if any such Proclamation is issued at a time when the House of the Peoplehas been dissolved or the dissolution of the House of the People takes place during theperiod of two months referred to in sub-clause (c), and if a resolution approving theProclamation has been passed by the Council of States, but no resolution with respectto such Proclamation has been passed by the House of the People before the expirationof that period, the Proclamation shall cease to operate at the expiration of thirty daysfrom the date on which the House of the People first sits after its reconstitution unlessbefore the expiration of the said period of thirty days a resolution approving theProclamation has been also passed by the House of the People.(3) During the period any such Proclamation as is mentioned in clause (1) is in operation,the executive authority of the Union shall extend to the giving of directions to any Stateto observe such canons of financial propriety as may be specified in the directions, and82BUDGET MANUALto the giving of such other directions as the President may deem necessary and adequatefor the purpose.(4) Notwithstanding anything in this Constitution—(a)any such direction may include—(i)a provision requiring the reduction of salaries and allowances of all or anyclass of persons serving in connection with the affairs of a State;(ii)a provision requiring all Money Bills or other Bills to which the provisions ofarticle 207 apply to be reserved for the consideration of the President afterthey are passed by the Legislature of the State;(b)it shall be competent for the President during the period any Proclamation issuedunder this article is in operation to issue directions for the reduction of salaries andallowances of all or any class of persons serving in connection with the affairs ofthe Union including the Judges of the Supreme Court and the High Courts.83BUDGET MANUALCONSTITUTIONAL PRO VISIONS RELA TED T O UNION TERRIT ORIES(THE GO VERNMENT OF UNION TERRIT ORIES A CT, 1963)"
Article 42.,"Procedure in Legislative Assembly with respect to estimates.. (1) So much of the estimates as relates to expenditure charged upon the ConsolidatedFund of Union territory of Jammu and Kashmir shall not be submitted to the vote of theLegislative Assembly, but nothing in this sub-section shall be construed as preventingthe discussion in the Legislative Assembly of any of those estimates.(2) So much of the said estimates as relates to other expenditure shall be submitted in theform of demands for grants to the Legislative Assembly, and the Legislative Assemblyshall have power to assent, or to refuse to assent, to any demand, or to assent to anydemand subject to a reduction of the amount specified therein.(3) No demand for a grant shall be made except on the recommendation of the LieutenantGovernor."
Article 50.,"Relation of Administrator and his Ministers to President.. Not withstanding anything in thisAct, the Administrator and his Council of Ministers shall be under the general control of, andcomply with such particular directions, if any, as may from time to time be given by, the President .84BUDGET MANUALCONSTITUTIONAL PRO VISIONS RELA TED TO THE JAMMU AND KASHMIRREORGANISA TION ACT , 2019"
Article 74.,"Authorisation of expenditure by President.. Where the Legislative Assembly is dissolved, orits functioning as such Assembly remains suspended, on account of an order under section 73, itshall be competent for the President to authorise, when the House of the People is not in Session,expenditure from the Consolidated Fund of the Union territory of Jammu and Kashmir pendingthe sanction of such expenditure by Parliament.85BUDGET MANUALCONSTITUTIONAL PRO VISIONS RELA TED TO ‘ THE GO VERNMENT OFNATIONAL CAPIT AL TERRIT ORY OF DELHI ACT , 1991’"
